FIPS,Mortality_Rate,Avg_Ann_Deaths
00000,46,"157,376"
21193,125.6,43
21197,125.3,18
02185,124.9,5
21189,118.5,8
12125,113.5,19
21147,111.1,22
21131,110.3,16
21159,109.1,14
21165,106,9
21109,104.6,17
05111,103.5,33
47139,103.3,25
21071,98.7,47
21045,98.5,21
29123,98.5,17
29133,97.2,17
21051,96.5,22
02180,96.1,6
21133,96.1,29
21235,95.6,39
21095,95.3,34
54045,95.1,45
47151,94.9,24
21183,94.6,28
21023,92.7,9
21115,92.5,27
29035,92.3,8
21223,91.9,9
05107,90.8,23
21129,90.8,9
29155,90.5,19
21099,90.2,21
21181,89.6,8
21103,89.3,17
21203,89.2,19
48461,89.1,3
47005,89,22
21075,88.9,9
47095,88.9,8
21033,88,16
21085,87.9,28
29223,87.9,19
28089,87.4,78
13239,87.2,4
21163,87,24
47013,86.8,49
21161,86.6,19
47153,86.6,16
54047,86.6,26
21119,85.9,17
21121,85.9,33
51105,85.9,28
21195,85.4,67
21127,85.1,16
47133,84.8,26
28081,84.5,77
29143,84.5,21
21171,84.3,12
51530,84.3,6
47025,84.2,36
12077,84.1,7
21207,84.1,21
21135,84.1,14
47029,84.1,42
21169,84,11
21077,83.8,8
26011,83.8,21
29083,83.6,28
05067,83.5,19
21065,83.5,16
05061,83.1,14
54059,83.1,27
47049,83,21
27087,82.7,6
05075,82.3,20
29181,82,17
47061,81.9,16
51690,81.9,17
21213,81.7,17
21139,81.6,12
21217,81.6,26
40127,81.6,14
47101,81.6,13
21175,81.5,13
29103,81.5,5
54085,81.5,12
54005,81.5,25
21091,81.4,9
47159,81.4,18
13035,81.3,20
18143,81.2,23
29069,81.2,33
29221,81.1,24
40029,81.1,7
54101,81,10
47083,80.8,10
18115,80.6,7
21221,80.6,17
29119,80.6,19
47021,80.6,32
21053,80.5,11
48315,80.3,14
17065,80.2,10
05021,80.1,20
20019,80.1,5
18155,80,10
21027,80,21
54109,80,24
18165,79.9,18
47087,79.9,14
01127,79.8,71
22087,79.8,26
21079,79.6,16
21231,79.5,22
51173,79.5,36
13083,79.3,16
18007,79.3,9
13267,79.1,20
54013,79,9
21055,78.8,10
47097,78.7,23
05105,78.5,11
28161,78.4,14
12067,78.3,7
29023,78.3,46
21225,78.2,13
28117,78.2,24
17039,78.1,17
21059,78.1,92
21005,78,18
21141,77.8,26
47109,77.8,28
12037,77.7,12
21237,77.6,7
40063,77.6,15
13233,77.5,37
47143,77.5,31
47111,77.5,21
21011,77.4,11
12075,77.3,49
21177,77.3,32
29177,77.3,22
47135,77.3,9
54043,77.3,22
28039,76.9,18
05073,76.8,9
22021,76.8,10
38039,76.8,4
29187,76.7,59
47079,76.7,38
51001,76.7,38
21031,76.6,12
28155,76.6,10
40035,76.6,16
51520,76.6,20
13295,76.4,65
18133,76.4,33
47085,76.4,20
12129,76.3,24
48211,76.3,3
02150,76.2,6
47173,76.2,18
05099,76.1,10
21007,76.1,9
47039,76.1,14
05149,76,21
13143,76,26
18123,76,18
28077,76,12
21073,75.9,45
28013,75.9,15
13003,75.8,6
05037,75.7,17
20207,75.6,4
54073,75.6,8
40079,75.4,47
05059,75.3,32
18149,75.3,23
37093,75.3,24
12003,75.2,21
29025,75.2,10
48407,75.2,28
39015,75.1,41
29055,75,24
51195,75,36
13161,74.9,13
16079,74.8,15
21199,74.7,63
48455,74.7,19
47167,74.6,45
13055,74.5,23
39001,74.5,27
17181,74.4,18
21125,74.4,50
54053,74.4,28
17153,74.3,7
47073,74.3,57
28043,74.2,20
29129,74.2,4
13129,74.1,43
13025,74.1,15
17059,74.1,7
05039,74,9
40013,74,41
40115,74,32
40101,74,63
47121,74,12
21013,73.9,28
45029,73.9,38
12029,73.8,19
21151,73.8,60
28107,73.8,28
29201,73.8,36
17055,73.7,42
21233,73.7,13
22111,73.6,22
28079,73.6,19
45033,73.6,27
51131,73.6,15
21043,73.5,25
54019,73.5,47
47123,73.4,45
48373,73.4,49
21025,73.2,13
39145,73.2,71
47081,73.2,21
05091,73.1,36
21009,73,40
21153,73,10
47057,73,23
21083,72.8,36
26079,72.7,17
55001,72.7,27
22035,72.6,6
29125,72.6,9
47181,72.6,16
05089,72.5,22
05115,72.5,49
29017,72.5,12
17017,72.4,12
40133,72.4,24
05085,72.3,49
01075,72.2,15
05035,72.2,36
38079,72.2,9
40049,72.2,26
47059,72.2,70
51073,72.2,34
22115,72.1,30
01039,71.9,39
13225,71.9,20
21089,71.9,36
40111,71.9,36
47117,71.9,26
47041,71.9,17
28131,71.8,13
37185,71.8,23
05117,71.7,9
12041,71.7,17
20093,71.7,3
22043,71.7,16
47129,71.7,19
05139,71.6,38
21137,71.6,22
29099,71.6,157
51051,71.6,16
47131,71.5,30
18041,71.4,24
20061,71.4,16
19135,71.3,8
01061,71.2,27
29207,71.2,30
54103,71.2,18
12107,71.1,78
47145,71.1,58
05095,70.9,9
02130,70.8,9
13195,70.8,23
22123,70.8,11
37053,70.8,18
47171,70.8,20
13171,70.7,15
18071,70.7,37
22049,70.7,15
45069,70.7,23
22039,70.6,26
39059,70.6,37
40023,70.6,15
54015,70.6,9
05023,70.5,32
13229,70.5,16
18025,70.5,10
21061,70.5,12
48343,70.5,14
05083,70.4,22
13301,70.4,6
24039,70.4,21
29117,70.4,15
40135,70.4,37
05093,70.2,34
05013,70.2,5
05017,70.2,12
05047,70.1,17
22053,70.1,27
28093,70.1,29
40091,70.1,24
48001,70.1,44
01079,70,29
18049,70,19
28109,70,47
29197,70,4
01133,69.9,24
05121,69.9,18
21041,69.9,9
40061,69.9,12
47115,69.9,27
48337,69.9,20
13213,69.7,28
18117,69.7,18
05055,69.6,34
05145,69.6,61
18175,69.6,23
21205,69.6,16
39119,69.6,75
17193,69.5,16
17199,69.5,60
17165,69.5,25
18055,69.5,30
47161,69.5,12
48391,69.5,8
17151,69.4,4
18073,69.4,27
29229,69.4,18
48291,69.4,52
48059,69.4,14
12093,69.3,36
21093,69.3,71
28137,69.3,22
17021,69.2,33
45025,69.2,37
51183,69.2,10
01027,69.1,13
05135,69.1,21
21155,69.1,15
37027,69.1,73
51097,69,7
01037,68.9,11
28057,68.9,20
29111,68.9,9
39125,68.9,17
48429,68.9,9
51730,68.9,27
13163,68.8,14
47027,68.8,9
17081,68.7,34
21173,68.7,21
47063,68.7,55
12059,68.6,18
22001,68.6,46
13155,68.5,8
17135,68.5,28
54091,68.5,15
12013,68.4,13
21087,68.4,11
29131,68.4,22
05011,68.3,11
47099,68.3,37
26001,68.2,17
39027,68.2,33
47107,68.2,48
13029,68.1,17
21149,68.1,9
51127,68.1,13
18103,68,29
42053,68,8
05071,67.9,20
12121,67.9,42
17127,67.9,15
21057,67.9,7
29169,67.9,23
32023,67.9,52
47077,67.9,23
01007,67.8,17
05001,67.8,17
18095,67.8,111
21003,67.8,17
29045,67.8,7
29113,67.8,35
37171,67.8,68
39087,67.8,53
39131,67.8,24
01055,67.7,90
16009,67.7,9
28083,67.7,22
39047,67.7,24
45087,67.7,26
47067,67.7,7
17121,67.6,36
12133,67.5,21
18139,67.5,15
21101,67.5,38
28047,67.5,132
20209,67.4,99
21191,67.4,11
21049,67.4,29
22117,67.4,39
05069,67.3,58
18019,67.3,81
21037,67.3,65
28023,67.3,15
21167,67.2,19
39053,67.2,26
47019,67.2,54
51169,67.2,24
51750,67.2,7
22091,67.1,9
26039,67.1,16
28135,67.1,11
40037,67.1,60
47043,67.1,38
01053,67,32
05025,67,7
22047,67,24
05043,66.9,15
05053,66.9,14
26165,66.9,28
40099,66.9,13
12123,66.8,20
13209,66.8,6
26085,66.8,14
37173,66.8,13
22009,66.7,33
29015,66.7,24
39071,66.7,36
01095,66.6,75
19123,66.6,19
21107,66.6,41
29185,66.6,12
30065,66.6,5
51670,66.6,18
12005,66.5,139
13005,66.5,8
48281,66.5,17
17101,66.4,14
17191,66.4,17
18109,66.4,52
21105,66.4,5
22063,66.4,77
40021,66.4,34
40081,66.4,29
22045,66.3,50
39073,66.3,25
54067,66.3,25
28011,66.2,23
29510,66.2,204
39079,66.2,27
51580,66.2,5
01051,66.1,55
22025,66.1,8
22127,66.1,12
28119,66.1,6
31163,66.1,3
40075,66.1,9
01021,66,34
17003,66,7
18093,66,41
26135,66,10
05129,65.9,9
13079,65.9,9
36075,65.9,88
37103,65.9,10
40121,65.9,41
01059,65.8,25
12007,65.8,23
13103,65.8,29
18017,65.8,31
28129,65.8,14
18111,65.7,13
29173,65.7,9
47185,65.7,23
29141,65.6,23
29115,65.6,12
40089,65.6,27
48405,65.6,10
21227,65.5,70
37169,65.5,41
51007,65.5,11
36073,65.4,34
40015,65.4,23
47045,65.4,30
51167,65.4,26
01047,65.3,33
01129,65.3,14
21019,65.3,43
51770,65.3,75
12045,65.2,14
47137,65.2,6
54057,65.2,26
54087,65.2,14
54055,65.2,59
13017,65.1,13
18065,65.1,42
20107,65.1,10
21097,65.1,15
21219,65.1,9
29021,65.1,67
47147,65.1,45
54003,65.1,69
01115,65,61
13259,65,4
18167,65,77
18177,65,58
21117,65,102
29091,65,36
40055,65,5
05147,64.9,7
05101,64.9,9
51043,64.9,13
13201,64.8,6
17183,64.8,70
39115,64.8,14
47091,64.8,17
40071,64.7,40
46121,64.7,3
47001,64.7,69
13149,64.6,9
26035,64.6,31
39129,64.6,41
39031,64.6,31
40107,64.6,10
51033,64.6,21
54041,64.6,15
13119,64.5,19
13313,64.5,64
13131,64.5,19
18131,64.5,12
21001,64.5,15
37153,64.5,37
39163,64.5,11
51185,64.5,40
54039,64.5,170
18181,64.4,22
20125,64.4,30
21081,64.4,15
24015,64.4,69
47177,64.4,33
05005,64.3,54
17079,64.3,8
18097,64.3,545
28123,64.3,19
40067,64.3,6
47069,64.3,21
51595,64.3,5
54011,64.3,79
12017,64.2,200
21179,64.2,30
26133,64.2,21
41011,64.2,69
54099,64.2,36
55003,64.2,13
18029,64.1,37
51071,64.1,16
01113,64,38
01071,64,46
18121,64,14
18153,64,17
18053,64,59
40019,64,38
40053,64,5
54095,64,9
17125,63.9,14
39141,63.9,58
40097,63.9,33
26019,63.8,18
28091,63.7,21
28017,63.7,13
54035,63.7,26
01045,63.6,37
28035,63.6,46
32021,63.6,5
37047,63.6,46
37165,63.6,27
47071,63.6,24
05127,63.5,10
05109,63.5,10
40033,63.5,5
51117,63.5,33
54027,63.5,20
13013,63.4,37
29033,63.4,9
37145,63.4,32
01097,63.3,289
13173,63.3,6
22013,63.3,12
29171,63.3,5
29007,63.3,21
37121,63.3,16
39127,63.3,26
39077,63.3,43
13015,63.2,61
20021,63.2,17
01017,63.1,29
13257,63.1,22
28113,63.1,30
36115,63.1,50
37071,63.1,150
39009,63.1,34
48217,63.1,31
48231,63.1,63
55013,63.1,17
19071,63,7
28151,63,34
45061,63,14
13231,62.9,12
18061,62.9,29
18119,62.9,17
22007,62.9,17
29065,62.9,14
37031,62.9,63
05041,62.8,11
12023,62.8,54
17115,62.8,92
26051,62.8,28
29175,62.8,18
47031,62.8,43
20159,62.7,9
26031,62.7,27
47035,62.7,65
48289,62.7,17
51077,62.7,16
05027,62.6,19
05009,62.6,33
17035,62.6,9
53027,62.6,61
05051,62.5,95
18079,62.5,20
29186,62.5,15
30035,62.5,7
21047,62.4,39
22105,62.4,77
28125,62.4,4
54029,62.4,29
17071,62.3,7
17083,62.3,19
22059,62.3,11
51125,62.3,15
13177,62.2,14
18045,62.2,15
18023,62.2,24
23003,62.2,68
28051,62.2,13
39101,62.2,51
05131,62.1,85
13157,62.1,37
13043,62.1,8
17129,62.1,10
45067,62.1,25
47053,62.1,40
13071,62,30
22073,62,99
24019,62,29
26153,62,9
29085,62,13
29013,62,15
05077,61.9,8
20183,61.9,4
26075,61.9,119
29217,61.9,17
40095,61.9,15
48361,61.9,59
51191,61.9,49
05033,61.8,43
13085,61.8,16
20139,61.8,14
24510,61.8,388
28027,61.8,17
45023,61.8,25
47155,61.8,72
48083,61.8,9
51057,61.8,10
01131,61.7,9
12113,61.6,104
29153,61.6,11
45059,61.6,52
48093,61.6,13
17169,61.5,7
19155,61.5,68
21039,61.5,5
22099,61.5,34
37133,61.5,70
54033,61.5,58
01043,61.4,63
13263,61.4,5
54007,61.4,13
01005,61.3,20
05045,61.3,61
28059,61.3,92
37057,61.3,122
39025,61.3,127
51005,61.3,16
01033,61.2,46
22097,61.2,58
26137,61.2,21
32019,61.2,41
47125,61.2,75
47183,61.2,26
21069,61.1,11
23029,61.1,31
01121,61,61
13283,61,5
32027,61,4
37023,61,73
47119,61,57
47017,61,25
13095,60.9,59
21157,60.9,29
23017,60.9,50
29105,60.9,27
40125,60.9,49
02261,60.8,4
23001,60.8,80
28025,60.8,15
17047,60.7,6
26123,60.7,38
29097,60.7,78
39023,60.7,112
54049,60.7,46
13275,60.6,34
13183,60.6,7
21123,60.6,11
21229,60.6,9
26049,60.6,298
28001,60.6,26
48457,60.6,19
53051,60.6,12
01103,60.5,88
13075,60.5,12
17087,60.5,10
21111,60.5,512
28127,60.5,20
54107,60.5,71
05133,60.4,10
22037,60.4,14
23019,60.4,116
28115,60.4,20
37163,60.4,46
01105,60.3,8
36089,60.3,78
48073,60.3,37
51740,60.3,63
01035,60.2,12
18013,60.2,13
26141,60.2,16
37157,60.2,75
37085,60.2,63
37151,60.2,103
40039,60.2,18
48503,60.2,16
48213,60.2,70
13023,60.1,9
13099,60.1,8
17179,60.1,104
17143,60.1,129
21015,60.1,63
26143,60.1,30
28015,60.1,9
29009,60.1,31
39089,60.1,113
40123,60.1,27
40087,60.1,23
48207,60.1,5
51119,60.1,13
56005,60.1,16
13165,60,6
36101,60,78
37177,60,3
39091,60,34
39007,60,78
40069,60,9
42059,60,29
48419,60,19
48203,60,45
01015,59.9,86
01009,59.9,43
06015,59.9,19
13069,59.9,25
17117,59.9,39
22057,59.9,62
28003,59.9,29
32001,59.9,18
42051,59.9,119
47055,59.9,24
48379,59.9,11
48349,59.9,35
54097,59.9,19
21029,59.8,44
24047,59.8,54
28133,59.8,17
51139,59.8,20
54081,59.8,64
01029,59.7,12
17185,59.7,10
17045,59.7,16
19111,59.7,30
21113,59.7,29
24045,59.7,65
28063,59.7,5
30091,59.7,4
41019,59.7,107
45015,59.7,97
47163,59.7,138
48347,59.7,37
51109,59.7,26
22029,59.6,15
28163,59.6,17
29179,59.6,6
47169,59.6,6
13217,59.5,51
21209,59.5,24
21143,59.5,8
22085,59.5,20
22011,59.5,23
26147,59.5,122
28029,59.5,20
37139,59.5,27
46019,59.5,8
45089,59.4,26
01001,59.3,34
05063,59.3,27
13107,59.3,16
13305,59.3,19
26033,59.3,27
29049,59.3,15
30097,59.3,4
37005,59.3,11
13081,59.2,17
16039,59.2,13
18059,59.2,45
18005,59.2,53
26117,59.2,44
37045,59.2,73
37041,59.2,14
48267,59.2,5
48035,59.2,18
51049,59.2,8
55077,59.2,15
04015,59.1,216
13021,59.1,99
18135,59.1,21
26059,59.1,36
31029,59.1,4
36023,59.1,32
37013,59.1,41
48483,59.1,4
51155,59.1,30
02280,59,4
05079,59,9
13045,59,62
20037,59,26
21215,59,10
26155,59,51
50011,59,29
26025,58.9,99
26129,58.9,22
26159,58.9,53
29061,58.9,7
37069,58.9,40
41041,58.9,47
48353,58.9,11
12033,58.8,211
22005,58.8,51
22089,58.8,29
26013,58.8,7
36097,58.8,15
47015,58.8,10
48067,58.8,27
48133,58.8,16
48147,58.8,27
31021,58.7,6
39081,58.7,59
40147,58.7,42
48037,58.7,63
05003,58.6,17
08099,58.6,9
13279,58.6,18
18101,58.6,8
18035,58.6,80
19057,58.6,33
22107,58.6,4
28111,58.6,8
29127,58.6,22
40065,58.6,17
45055,58.6,46
01111,58.5,18
05087,58.5,12
12019,58.5,117
17119,58.5,186
18077,58.5,23
21063,58.5,6
28033,58.5,85
29093,58.5,9
37193,58.5,57
37159,58.5,98
39017,58.5,221
45051,58.5,219
48335,58.5,6
18021,58.4,20
19039,58.4,7
22003,58.4,16
26121,58.4,118
29057,58.4,7
36083,58.4,109
37155,58.4,79
37101,58.4,94
48363,58.4,22
01057,58.3,14
02050,58.3,5
28099,58.3,19
40117,58.3,13
42101,58.3,903
05137,58.2,12
13087,58.2,19
36037,58.2,45
37191,58.2,79
40031,58.2,63
47033,58.2,11
20043,58.1,6
22019,58.1,121
28159,58.1,15
29005,58.1,6
37111,58.1,35
48099,58.1,28
37127,58,68
18125,57.9,10
23025,57.9,41
37113,57.9,35
39065,57.9,21
45021,57.9,38
48499,57.9,44
48293,57.9,17
54065,57.9,15
55031,57.9,31
01065,57.8,11
05113,57.8,18
18137,57.8,20
26073,57.8,33
29203,57.8,7
40041,57.8,37
48351,57.8,11
13317,57.7,9
17201,57.7,198
18075,57.7,15
26163,57.7,"1,136"
39135,57.7,31
48475,57.7,7
51111,57.7,11
13189,57.6,14
36041,57.6,5
39067,57.6,14
45001,57.6,20
46087,57.6,5
48459,57.6,29
48023,57.6,4
48089,57.6,18
01107,57.5,16
05141,57.5,17
22083,57.5,14
48467,57.5,42
17069,57.4,4
28147,57.4,11
12101,57.3,422
12089,57.3,57
23011,57.3,91
28007,57.3,15
42035,57.3,29
46053,57.3,4
47007,57.3,10
47075,57.3,13
51700,57.3,94
51760,57.3,115
13289,57.2,7
18163,57.2,122
19153,57.2,233
37039,57.2,28
48179,57.2,16
50005,57.2,23
01081,57.1,66
12091,57.1,121
17073,57.1,40
17187,57.1,13
18047,57.1,16
19029,57.1,12
21035,57.1,25
22109,57.1,64
28095,57.1,26
47037,57.1,331
10001,57,105
13251,57,10
26053,57,16
26115,57,101
28097,57,8
29163,57,13
37049,57,73
13319,56.9,8
18031,56.9,17
21021,56.9,21
22125,56.9,10
26105,56.9,25
29219,56.9,22
30061,56.9,4
37079,56.9,13
41033,56.9,83
48367,56.9,71
48071,56.9,17
50017,56.9,21
01077,56.8,71
13031,56.8,32
13245,56.8,113
17163,56.8,165
28149,56.8,31
30053,56.8,18
37019,56.8,101
37131,56.8,19
13197,56.7,6
13169,56.7,18
17159,56.7,13
17195,56.7,45
24011,56.7,22
26095,56.7,6
29039,56.7,13
38067,56.7,7
39133,56.7,100
40051,56.7,35
47011,56.7,67
48385,56.7,4
51187,56.7,24
05081,56.6,11
12083,56.6,347
18011,56.6,31
26087,56.6,58
28143,56.6,5
29031,56.6,50
37051,56.6,154
39039,56.6,27
42105,56.6,15
48007,56.6,24
48021,56.6,43
48365,56.6,17
13293,56.5,20
13281,56.5,12
17099,56.5,84
19175,56.5,10
22113,56.5,36
23027,56.5,29
39155,56.5,168
40043,56.5,4
42121,56.5,46
48181,56.5,87
13153,56.4,72
19073,56.4,8
28087,56.4,37
36033,56.4,33
40077,56.4,9
47003,56.4,28
48357,56.4,5
51027,56.4,19
01067,56.3,14
01049,56.3,46
13001,56.3,12
19007,56.3,11
19013,56.3,84
20147,56.3,5
22095,56.3,25
23021,56.3,15
36063,56.3,159
37161,56.3,54
37007,56.3,18
39175,56.3,17
39113,56.3,376
45041,56.3,87
48129,56.3,4
13205,56.2,15
18145,56.2,30
19019,56.2,15
21017,56.2,14
27095,56.2,19
28141,56.2,16
36053,56.2,49
36015,56.2,66
39021,56.2,27
39143,56.2,43
39139,56.2,93
45011,56.2,15
45031,56.2,49
01069,56.1,69
17023,56.1,13
17029,56.1,34
20049,56.1,3
20099,56.1,16
20085,56.1,10
26119,56.1,11
27151,56.1,8
29215,56.1,21
48251,56.1,86
06033,56,53
13105,56,15
13065,56,4
18027,56,20
20007,56,4
28067,56,45
37073,56,9
40113,56,36
51590,56,35
51650,56,80
01083,55.9,51
13237,55.9,17
13193,55.9,9
18091,55.9,74
27011,55.9,6
29059,55.9,13
40109,55.9,409
47093,55.9,268
53049,55.9,22
54075,55.9,8
05103,55.8,20
12053,55.8,183
17025,55.8,11
31173,55.8,4
37195,55.8,55
37167,55.8,43
48485,55.8,79
17061,55.7,11
29047,55.7,122
30099,55.7,5
36021,55.7,52
39123,55.7,35
39061,55.7,500
48409,55.7,39
48277,55.7,36
55107,55.7,13
05057,55.6,16
21145,55.6,49
22119,55.6,30
28153,55.6,14
29081,55.6,8
29079,55.6,9
48183,55.6,76
51036,55.6,7
13115,55.5,63
17033,55.5,15
19179,55.5,25
29145,55.5,40
34015,55.5,172
39167,55.5,49
12009,55.4,487
26131,55.4,8
39095,55.4,275
39085,55.4,169
45027,55.4,27
47103,55.4,25
51099,55.4,12
51035,55.4,26
06115,55.3,35
17063,55.3,28
29159,55.3,27
29095,55.3,398
38073,55.3,5
40145,55.3,43
47189,55.3,68
47179,55.3,84
48077,55.3,9
20089,55.2,3
33001,55.2,46
48497,55.2,35
01031,55.1,33
05029,55.1,16
17091,55.1,70
19067,55.1,13
19107,55.1,9
39093,55.1,200
45073,55.1,59
51143,55.1,50
51540,55.1,19
12079,55,14
13097,55,59
17155,55,5
28065,55,9
42089,55,103
45083,55,179
46047,55,7
51053,55,19
13287,54.9,6
17067,54.9,16
22121,54.9,13
26069,54.9,28
28053,54.9,5
34009,54.9,90
37095,54.9,4
39109,54.9,72
40105,54.9,8
47141,54.9,47
55113,54.9,15
13109,54.8,7
20041,54.8,15
22017,54.8,159
33007,54.8,27
05119,54.7,223
18113,54.7,28
37105,54.7,36
48257,54.7,53
51089,54.7,44
55057,54.7,21
13175,54.6,32
29211,54.6,5
39111,54.6,12
54105,54.6,4
01123,54.5,32
13181,54.5,6
18107,54.5,26
28101,54.5,14
39159,54.5,26
40073,54.5,10
45009,54.5,11
48167,54.5,162
54009,54.5,21
55105,54.5,101
01125,54.4,100
05123,54.4,16
12131,54.4,41
13019,54.4,12
16087,54.4,8
20031,54.4,7
29071,54.4,64
39033,54.4,33
39011,54.4,31
39043,54.4,59
40137,54.4,33
41009,54.4,32
45043,54.4,51
47051,54.4,31
26007,54.3,25
26113,54.3,11
29027,54.3,26
39045,54.3,86
51171,54.3,33
51790,54.3,20
51047,54.3,26
17057,54.2,28
18043,54.2,46
27125,54.2,3
30071,54.2,4
39117,54.2,22
42047,54.2,27
45049,54.2,14
47009,54.2,89
51137,54.2,26
51021,54.2,5
51029,54.2,11
53045,54.2,48
12127,54.1,439
13277,54.1,23
17167,54.1,126
22015,54.1,65
26057,54.1,27
29075,54.1,6
29101,54.1,26
36039,54.1,38
36117,54.1,62
42099,54.1,30
48027,54.1,130
48237,54.1,6
01019,54,21
02090,54,31
13227,54,22
13199,54,15
16069,54,30
18085,54,47
24037,54,52
29167,54,21
37035,54,99
39147,54,38
42039,54,64
45091,54,124
51045,54,4
02170,53.9,37
13167,53.9,7
28021,53.9,6
36019,53.9,50
53015,53.9,71
12031,53.8,465
18089,53.8,298
19097,53.8,15
19099,53.8,27
26047,53.8,25
29199,53.8,4
29037,53.8,63
48199,53.8,34
51011,53.8,11
55129,53.8,14
13273,53.7,6
22079,53.7,81
29109,53.7,27
39019,53.7,21
46015,53.7,4
48097,53.7,27
51181,53.7,5
13091,53.6,13
18083,53.6,26
18171,53.6,6
20013,53.6,8
27089,53.6,8
48395,53.6,12
48051,53.6,13
51710,53.6,108
13297,53.5,47
24043,53.5,94
37065,53.5,38
39003,53.5,69
39049,53.5,553
39005,53.5,35
41049,53.5,7
22101,53.4,33
22071,53.4,185
24029,53.4,18
39099,53.4,183
41043,53.4,79
42025,53.4,50
48063,53.4,9
05019,53.3,15
20111,53.3,19
22093,53.3,13
33017,53.3,68
12047,53.2,9
17103,53.2,25
18033,53.2,25
19163,53.2,99
26021,53.2,109
29157,53.2,13
36121,53.2,26
37107,53.2,42
37181,53.2,29
38071,53.2,8
47157,53.2,457
48415,53.2,10
55085,53.2,33
10005,53.1,171
17147,53.1,12
30023,53.1,8
37199,53.1,15
37025,53.1,92
46113,53.1,4
51081,53.1,8
20059,53,16
20015,53,38
20077,53,5
26149,53,40
28075,53,49
31043,53,11
36065,53,164
40003,53,5
47175,53,4
48241,53,25
51085,53,60
51179,53,46
01099,52.9,16
12069,52.9,279
17107,52.9,20
18127,52.9,95
20027,52.9,7
37067,52.9,206
45071,52.9,26
48445,52.9,8
51177,52.9,57
12063,52.8,34
13185,52.8,49
17145,52.8,15
17007,52.8,28
26157,52.8,39
26027,52.8,36
28139,52.8,14
39097,52.8,25
42107,52.8,114
48501,52.8,4
48123,52.8,15
51680,52.8,44
53041,52.8,56
54069,52.8,35
05143,52.7,91
19173,52.7,5
22031,52.7,18
22069,52.7,23
22067,52.7,18
36123,52.7,18
39037,52.7,37
40001,52.7,13
42045,52.7,350
47105,52.7,42
48309,52.7,130
55059,52.7,87
01013,52.6,15
17177,52.6,36
17157,52.6,22
36029,52.6,620
37197,52.6,27
40143,52.6,328
44003,52.6,116
51069,52.6,46
55011,52.6,10
17095,52.5,40
37077,52.5,35
45007,52.5,124
06105,52.4,11
17161,52.4,101
18067,52.4,57
19177,52.4,6
29213,52.4,38
36067,52.4,289
36091,52.4,135
37083,52.4,39
42097,52.4,73
51135,52.4,11
20073,52.3,6
22051,52.3,262
26107,52.3,27
39153,52.3,352
39029,52.3,76
48049,52.3,28
51133,52.3,14
51193,52.3,15
54017,52.3,6
13255,52.2,38
18141,52.2,157
20001,52.2,10
21067,52.2,145
26099,52.2,527
28103,52.2,7
37097,52.2,92
41007,52.2,27
55081,52.2,28
17171,52.1,4
18183,52.1,21
29195,52.1,16
36017,52.1,35
37009,52.1,22
42073,52.1,71
45057,52.1,51
46099,52.1,87
47113,52.1,57
05125,52,69
17075,52,23
22055,52,107
28061,52,12
36077,52,43
42087,52,36
55079,52,484
01091,51.9,15
13223,51.9,51
17111,51.9,143
19077,51.9,9
21239,51.9,15
39151,51.9,258
51840,51.9,16
18009,51.8,10
20169,51.8,35
28085,51.8,21
31053,51.8,27
32510,51.8,39
36049,51.8,18
37109,51.8,47
37001,51.8,95
40119,51.8,35
40047,51.8,39
42125,51.8,156
47165,51.8,92
48239,51.8,10
48403,51.8,11
51145,51.8,16
51550,51.8,105
51009,51.8,23
01093,51.7,23
13215,51.7,99
29161,51.7,26
31107,51.7,8
31147,51.7,7
33019,51.7,32
39105,51.7,16
41065,51.7,18
48411,51.7,5
13033,51.6,13
20181,51.6,5
21185,51.6,27
22075,51.6,12
28145,51.6,17
36105,51.6,51
48401,51.6,33
53053,51.6,396
54037,51.6,30
01073,51.5,381
12039,51.5,29
19087,51.5,13
19193,51.5,57
19189,51.5,8
22103,51.5,135
42131,51.5,20
45077,51.5,69
48387,51.5,11
12055,51.4,110
20155,51.4,45
26101,51.4,21
48159,51.4,8
55037,51.4,4
05049,51.3,11
06035,51.3,15
13321,51.3,13
18147,51.3,14
20127,51.3,5
26017,51.3,74
29053,51.3,11
29077,51.3,162
40149,51.3,8
42003,51.3,862
50021,51.3,44
12061,51.2,143
13309,51.2,4
35037,51.2,7
36001,51.2,181
38093,51.2,16
53009,51.2,66
53003,51.2,17
13027,51.1,11
13147,51.1,19
20005,51.1,10
26067,51.1,33
28005,51.1,10
37017,51.1,25
37141,51.1,36
37003,51.1,24
39035,51.1,838
47089,51.1,36
01119,51,9
16045,51,13
31055,51,245
39013,51,51
42081,51,78
46027,51,6
51775,51,17
13127,50.9,51
36009,50.9,52
51820,50.9,14
17001,50.8,48
19137,50.8,8
27021,50.8,24
27035,50.8,47
41015,50.8,24
44007,50.8,356
48119,50.8,4
51103,50.8,13
29139,50.7,9
34011,50.7,84
36057,50.7,34
36003,50.7,30
45039,50.7,16
54083,50.7,20
55137,50.7,20
55053,50.7,14
12103,50.6,777
13285,50.6,37
13299,50.6,22
20003,50.6,6
21187,50.6,7
28071,50.6,21
42085,50.6,86
18063,50.5,69
18069,50.5,23
19045,50.5,33
26103,50.5,42
26145,50.5,127
30027,50.5,10
45035,50.5,61
48075,50.5,4
55051,50.5,6
01089,50.4,179
05097,50.4,8
17011,50.4,25
31025,50.4,15
36045,50.4,56
41001,50.4,14
45047,50.4,43
46009,50.4,5
48135,50.4,61
54051,50.4,24
55135,50.4,38
55067,50.4,16
10003,50.3,289
17197,50.3,281
20173,50.3,251
30013,50.3,51
37043,50.3,10
40083,50.3,24
47149,50.3,102
56017,50.3,4
13037,50.2,4
17137,50.2,23
19011,50.2,17
37033,50.2,16
42083,50.2,30
42015,50.2,45
48139,50.2,68
55075,50.2,33
02122,50.1,28
12105,50.1,423
17109,50.1,18
18081,50.1,73
19145,50.1,12
24003,50.1,277
25027,50.1,439
29107,50.1,21
30043,50.1,7
31095,50.1,6
37099,50.1,25
45005,50.1,6
13187,50,16
26071,50,12
29183,50,176
29041,50,6
29209,50,28
40045,50,3
55111,50,39
01101,49.9,117
06103,49.9,40
20191,49.9,15
20177,49.9,109
24025,49.9,131
31105,49.9,3
31153,49.9,62
40005,49.9,9
48313,49.9,8
28045,49.8,28
31151,49.8,8
42075,49.8,92
48245,49.8,134
48399,49.8,8
12035,49.7,90
17105,49.7,25
18105,49.7,61
20133,49.7,11
40017,49.7,56
40027,49.7,116
42007,49.7,129
54093,49.7,6
25005,49.6,326
25023,49.6,292
45081,49.6,13
47065,49.6,206
51083,49.6,27
53043,49.6,9
25013,49.5,271
36011,49.5,51
13049,49.4,7
13303,49.4,12
24009,49.4,43
30021,49.4,6
33015,49.4,163
36093,49.4,94
36013,49.4,90
37015,49.4,14
37123,49.4,18
39165,49.4,102
45063,49.4,139
47047,49.4,25
13137,49.3,27
13039,49.3,21
19127,49.3,27
23023,49.3,23
26109,49.3,19
45079,49.3,167
05031,49.2,48
13211,49.2,11
23013,49.2,31
40131,49.2,49
12049,49.1,14
13047,49.1,37
19129,49.1,9
29011,49.1,9
42057,49.1,10
48495,49.1,4
51630,49.1,11
20157,49,4
29225,49,19
35051,49,14
37011,49,13
45085,49,57
48161,49,13
48223,49,22
51149,49,17
06011,48.9,10
12111,48.9,213
16073,48.9,6
18161,48.9,5
23005,48.9,169
30017,48.9,9
34007,48.9,275
38061,48.9,4
42019,48.9,114
26091,48.8,60
45045,48.8,241
55041,48.8,7
27017,48.7,22
29147,48.7,12
30101,48.7,3
37129,48.7,115
40103,48.7,8
42049,48.7,164
50009,48.7,5
06089,48.6,119
12001,48.6,114
13261,48.6,17
18051,48.6,20
18039,48.6,99
26023,48.6,27
27157,48.6,14
40011,48.6,7
53013,48.6,4
54025,48.6,26
55007,48.6,12
37125,48.5,74
42129,48.5,271
46091,48.5,3
47023,48.5,10
48253,48.5,11
50019,48.5,19
05065,48.4,11
19181,48.4,25
19139,48.4,23
20029,48.4,7
26003,48.4,8
27003,48.4,145
32013,48.4,7
37091,48.4,16
39063,48.4,44
40085,48.4,6
12057,48.3,616
17053,48.3,11
19085,48.3,10
20103,48.3,37
23031,48.3,127
23007,48.3,20
26045,48.3,62
27029,48.3,6
28069,48.3,7
36069,48.3,67
36111,48.3,111
37059,48.3,27
37081,48.3,251
42123,48.3,31
42127,48.3,39
46035,48.3,13
48005,48.3,47
51141,48.3,15
55017,48.3,37
17131,48.2,12
37143,48.2,10
39171,48.2,23
39069,48.2,18
48321,48.2,21
51101,48.2,9
51800,48.2,41
51660,48.2,16
51197,48.2,21
27161,48.1,11
32003,48.1,901
34033,48.1,41
53067,48.1,135
55125,48.1,21
01003,48,121
06093,48,35
06101,48,48
31143,48,4
37061,48,34
37147,48,71
39083,48,35
45075,48,54
53011,48,206
54079,48,33
22041,47.9,13
24013,47.9,90
25003,47.9,95
34001,47.9,156
48175,47.9,5
48221,47.9,42
12051,47.8,18
17013,47.8,4
21211,47.8,22
24005,47.8,471
48423,47.8,118
05015,47.7,20
20087,47.7,12
26041,47.7,27
27135,47.7,9
34029,47.7,442
37087,47.7,46
41035,47.7,44
19113,47.6,110
26151,47.6,29
31099,47.6,4
36035,47.6,35
48003,47.6,7
48039,47.6,130
50023,47.6,36
51115,47.6,9
51093,47.6,22
51620,47.6,5
51175,47.6,12
51041,47.6,143
56011,47.6,5
09015,47.5,62
20011,47.5,10
26077,47.5,126
41051,47.5,327
42069,47.5,144
54021,47.5,5
55101,47.5,104
13077,47.4,57
17015,47.4,12
19081,47.4,8
19015,47.4,17
29029,47.4,35
48225,47.4,16
55069,47.4,20
01041,47.3,9
01117,47.3,88
02020,47.3,96
13009,47.3,23
13311,47.3,17
01109,47.2,16
06005,47.2,31
17077,47.2,28
18157,47.2,66
19143,47.2,5
27061,47.2,32
29019,47.2,63
31033,47.2,6
37117,47.2,16
51570,47.2,12
53063,47.2,245
53077,47.2,113
55083,47.2,24
23009,47.1,39
24035,47.1,27
24017,47.1,61
39161,47.1,18
48331,47.1,17
51113,47.1,9
53047,47.1,26
53057,47.1,74
55121,47.1,18
55005,47.1,31
05007,47,106
17005,47,10
26009,47,19
27071,47,10
27137,47,126
37115,47,14
37021,47,150
48339,47,201
51031,47,35
55099,47,11
08073,46.9,3
17173,46.9,16
19083,46.9,13
22033,46.9,199
27117,46.9,6
28121,46.9,67
46103,46.9,55
48227,46.9,18
48151,46.9,3
48375,46.9,53
46039,46.8,3
48441,46.8,67
51810,46.8,191
13057,46.7,84
13151,46.7,74
13179,46.7,18
18151,46.7,20
18173,46.7,32
19061,46.7,56
28157,46.7,5
29067,46.7,10
31131,46.7,10
36031,46.7,28
13111,46.6,20
17009,46.6,3
19133,46.6,8
26005,46.6,59
26097,46.6,9
29135,46.6,8
31097,46.6,3
31089,46.6,8
33013,46.6,84
36099,46.6,21
37063,46.6,110
48471,46.6,28
17175,46.5,4
18169,46.5,20
26043,46.5,19
27165,46.5,8
31145,46.5,8
36071,46.5,167
37179,46.5,80
38105,46.5,12
51025,46.5,11
20143,46.4,4
28049,46.4,110
36055,46.4,405
42005,46.4,48
13241,46.3,13
24023,46.3,19
26127,46.3,17
36025,46.3,34
48057,46.3,12
17037,46.2,40
17041,46.2,12
20151,46.2,7
31139,46.2,5
31155,46.2,13
36107,46.2,31
46115,46.2,5
48265,46.2,43
51087,46.2,154
55127,46.2,54
17139,46.1,9
27005,46.1,21
27057,46.1,16
28009,46.1,5
32033,46.1,6
33011,46.1,194
42079,46.1,210
48341,46.1,8
06007,46,126
17149,46,11
19187,46,23
42133,46,240
50003,46,26
54063,46,10
22061,45.9,20
28041,45.9,7
29189,45.9,574
29043,45.9,37
31181,45.9,3
39103,45.9,90
41047,45.9,157
42113,45.9,6
44009,45.9,74
48055,45.9,18
48009,45.9,5
51015,45.9,46
13145,45.8,17
17141,45.8,31
17203,45.8,22
36113,45.8,42
36051,45.8,36
54077,45.8,20
55023,45.8,12
13315,45.7,5
24001,45.7,48
38103,45.7,4
42061,45.7,29
45019,45.7,177
48305,45.7,3
48053,45.7,30
50027,45.7,39
51147,45.7,11
55021,45.7,32
13139,45.6,81
13271,45.6,9
25025,45.6,292
27143,45.6,9
27077,45.6,3
34041,45.6,59
36085,45.6,233
41029,45.6,134
42033,45.6,53
50001,45.6,20
55027,45.6,51
12087,45.5,50
13063,45.5,79
20009,45.5,17
42095,45.5,177
46077,45.5,4
20123,45.4,5
26063,45.4,25
27115,45.4,18
30089,45.4,9
30049,45.4,34
33005,45.4,43
37187,45.4,9
12015,45.3,175
19069,45.3,7
19063,45.3,7
29051,45.3,37
39051,45.3,24
39157,45.3,56
41039,45.3,200
48297,45.3,8
48233,45.3,12
13159,45.2,7
17049,45.2,19
20161,45.2,20
34037,45.2,74
36079,45.2,49
38059,45.2,16
46029,45.2,15
55117,45.2,63
18099,45.1,26
26029,45.1,18
40151,45.1,5
41059,45.1,37
42031,45.1,23
42043,45.1,144
51917,45.1,47
53039,45.1,14
12027,45,22
27131,45,30
27059,45,18
30111,45,79
31129,45,4
31001,45,18
39173,45,61
48449,45,14
48065,45,4
53061,45,300
09009,44.9,467
19115,44.9,6
27025,44.9,24
31121,44.9,5
46093,44.9,12
48153,44.9,4
55115,44.9,27
06077,44.8,277
12065,44.8,9
17085,44.8,17
18003,44.8,163
28031,44.8,11
42055,44.8,89
46013,44.8,22
53005,44.8,81
17031,44.7,"2,369"
17113,44.7,68
40009,44.7,10
41071,44.7,50
55139,44.7,85
55095,44.7,27
50013,44.6,4
13221,44.5,8
19117,44.5,6
42117,44.5,27
48425,44.5,5
51159,44.5,6
53025,44.5,39
13051,44.4,126
19027,44.4,14
36095,44.4,20
48439,44.4,654
53037,44.4,18
06095,44.3,186
39169,44.3,62
51075,44.3,13
09007,44.2,96
22027,44.2,10
26093,44.2,86
27119,44.2,18
29165,44.2,40
31111,44.2,20
34005,44.2,232
36043,44.2,39
38101,44.2,29
39149,44.2,24
51735,44.2,7
22077,44.1,13
29137,44.1,6
39041,44.1,66
49019,44.1,5
01085,44,6
17123,44,9
19037,44,8
30093,44,20
30077,44,4
36027,44,151
41057,44,19
45003,44,91
46127,44,8
51079,44,9
01025,43.9,15
17027,43.9,20
26061,43.9,19
42017,43.9,340
42013,43.9,79
50015,43.9,13
04007,43.8,42
06021,43.8,14
13073,43.8,53
23015,43.8,26
26015,43.8,33
27139,43.8,41
27159,43.8,10
36103,43.8,751
53059,43.8,6
16047,43.7,8
16017,43.7,26
17089,43.7,193
17051,43.7,13
27127,43.7,11
27075,43.7,8
42037,43.7,38
42021,43.7,95
17133,43.6,17
18159,43.6,10
19125,43.6,18
46037,43.6,5
55103,43.6,11
08055,43.5,6
13291,43.5,18
37089,43.5,80
39057,43.5,81
46135,43.5,13
48145,43.5,10
48487,43.5,7
53031,43.5,27
55123,43.5,19
56045,43.5,4
17189,43.4,9
51067,43.4,34
06043,43.3,13
09011,43.3,142
25009,43.3,390
41025,43.3,5
48165,43.3,6
27141,43.2,30
31093,43.2,4
35035,43.2,33
41005,43.2,189
41031,43.2,11
42115,43.2,27
48185,43.2,14
54061,43.2,36
12119,43.1,110
13269,43.1,5
20035,43.1,20
27043,43.1,10
29001,43.1,12
29087,43.1,3
30083,43.1,5
48189,43.1,15
55063,43.1,55
55035,43.1,46
01023,43,9
27123,43,227
42067,43,14
53035,43,123
18179,42.9,15
28105,42.9,16
33003,42.9,35
46129,42.9,4
48019,42.9,15
54001,42.9,9
20053,42.8,4
25021,42.8,354
34025,42.8,317
37135,42.8,50
38099,42.8,8
48113,42.8,802
50007,42.8,67
06023,42.7,65
20201,42.7,4
25019,42.7,5
27173,42.7,6
27027,42.7,25
40093,42.7,5
48091,42.7,61
51161,42.7,56
53065,42.7,27
06067,42.6,595
36109,42.6,40
38035,42.6,26
25017,42.5,713
27171,42.5,44
08077,42.4,77
17019,42.4,73
22023,42.4,3
12109,42.3,107
19001,42.3,5
42011,42.3,211
48299,42.3,19
56021,42.3,42
25007,42.2,10
31041,42.2,7
37137,42.2,10
44005,42.2,50
53073,42.2,95
06099,42.1,200
06045,42.1,51
12095,42.1,424
28019,42.1,5
36007,42.1,111
51037,42.1,8
12073,42,98
16083,42,37
27111,42,39
30063,42,45
51685,42,4
56033,42,15
12115,41.9,366
31035,41.9,4
35061,41.9,34
37119,41.9,314
48329,41.9,54
48193,41.9,7
51023,41.9,20
04011,41.8,4
09013,41.8,65
37055,41.8,18
38003,41.8,7
45065,41.8,8
50025,41.8,25
55039,41.8,53
12081,41.7,236
19093,41.7,5
19033,41.7,27
28073,41.7,21
32031,41.7,182
38049,41.7,4
41061,41.7,15
48117,41.7,7
51121,41.7,33
13141,41.6,5
13059,41.6,36
26065,41.6,109
27015,41.6,16
31109,41.6,112
38097,41.6,5
41013,41.6,14
48187,41.6,56
51017,41.6,4
53071,41.6,30
55009,41.6,107
56007,41.6,7
12117,41.5,187
12043,41.5,9
18087,41.5,15
19041,41.5,10
25001,41.5,175
29151,41.5,7
41045,41.5,15
42001,41.5,55
48451,41.5,52
56025,41.5,35
06029,41.4,270
19109,41.4,10
20079,41.4,20
27051,41.4,4
42065,41.4,27
08043,41.3,28
18129,41.3,13
19059,41.3,12
22065,41.3,5
26081,41.3,247
27007,41.3,20
45053,41.3,11
51061,41.3,30
08087,41.2,13
16055,41.2,69
19185,41.2,4
19159,41.2,4
20045,41.2,36
20057,41.2,12
27049,41.2,26
42009,41.2,30
42103,41.2,32
51157,41.2,5
55029,41.2,21
55045,41.2,19
01087,41.1,10
06047,41.1,85
48255,41.1,7
48333,41.1,4
13207,41,13
19169,41,32
19079,41,9
20121,41,15
26125,41,567
35029,41,15
42077,41,178
48015,41,15
13243,40.9,5
29121,40.9,10
32005,40.9,32
35005,40.9,31
41027,40.9,10
51153,40.9,107
16027,40.8,72
26055,40.8,45
27037,40.8,148
31141,40.8,16
35025,40.8,24
37149,40.8,15
48307,40.8,6
06107,40.7,145
16035,40.7,6
27093,40.7,13
29149,40.7,7
55047,40.7,12
06055,40.6,70
11001,40.6,240
16059,40.6,6
19095,40.6,9
19031,40.6,10
19149,40.6,14
24021,40.6,95
31059,40.6,4
31067,40.6,13
56009,40.6,6
12085,40.5,124
19053,40.5,5
31119,40.5,17
56015,40.5,8
09003,40.4,439
19121,40.4,8
19025,40.4,7
27085,40.4,18
30073,40.4,3
31177,40.4,10
35057,40.4,9
42091,40.4,408
48177,40.4,10
54023,40.4,7
08085,40.3,24
08125,40.3,5
13067,40.3,223
13247,40.3,32
16075,40.3,11
18037,40.3,20
19197,40.3,9
26111,40.3,42
27001,40.3,13
48201,40.3,"1,243"
51600,40.3,11
55141,40.3,42
06009,40.2,31
19065,40.2,13
20055,40.2,11
27163,40.2,91
27067,40.2,22
56003,40.2,7
17097,40.1,257
45037,40.1,11
24041,40,28
24033,40,299
27039,40,8
42041,40,123
45017,40,8
56031,40,6
12071,39.9,441
20167,39.9,5
25015,39.9,68
29089,39.9,5
32007,39.9,15
40139,39.9,7
18015,39.8,10
39107,39.8,21
55133,39.8,191
31003,39.7,4
55043,39.7,26
02220,39.6,3
19183,39.6,12
20091,39.6,210
27097,39.6,17
27013,39.6,25
29205,39.6,3
55087,39.6,72
13191,39.5,8
30087,39.5,3
48469,39.5,38
48371,39.5,6
55131,39.5,61
22081,39.4,4
42029,39.4,219
51065,39.4,13
54031,39.4,8
17093,39.3,32
19141,39.3,9
19171,39.3,10
26161,39.3,123
27121,39.3,7
34031,39.3,202
48303,39.3,102
20149,39.2,9
27047,39.2,19
41003,39.2,35
48481,39.2,19
51165,39.2,40
13123,39.1,16
31137,39.1,5
06071,39,625
08001,39,133
45013,39,96
26037,38.9,33
31079,38.9,25
13253,38.8,5
27009,38.8,15
27019,38.8,28
37183,38.8,274
44001,38.8,27
51683,38.8,10
51063,38.8,8
55025,38.8,174
09005,38.7,99
12011,38.7,827
17043,38.7,362
55055,38.7,36
27107,38.6,5
33009,38.6,44
53017,38.6,17
55097,38.6,30
56013,38.6,19
08049,38.5,4
27099,38.5,22
37037,38.5,39
42071,38.5,249
53021,38.5,19
06097,38.4,223
27033,38.4,7
29063,38.4,6
55071,38.4,44
13121,38.3,298
16015,38.3,3
35015,38.3,24
41053,38.3,36
53007,38.3,36
34021,38.2,152
42109,38.2,19
48107,38.2,3
56043,38.2,5
04025,38.1,151
12097,38.1,102
16067,38.1,9
27041,38.1,21
48355,38.1,134
48381,38.1,49
55091,38.1,4
27079,38,13
27153,38,13
29073,38,9
27073,37.9,5
29003,37.9,9
31101,37.9,5
42027,37.9,56
46011,37.9,10
55109,37.9,29
08014,37.8,18
13235,37.8,6
13089,37.8,216
27169,37.8,22
34019,37.8,55
38009,37.8,5
53019,37.8,4
04012,37.7,18
19161,37.7,6
20051,37.7,12
41017,37.7,74
55073,37.7,61
06109,37.6,35
16001,37.6,136
20117,37.5,6
27083,37.5,11
39121,37.5,9
46081,37.5,12
48171,37.5,19
30047,37.4,15
31127,37.4,4
48121,37.4,169
04019,37.3,464
08071,37.3,8
08081,37.3,5
12099,37.3,852
13133,37.3,10
13135,37.3,200
38017,37.3,50
55015,37.3,18
04013,37.2,"1,463"
16057,37.2,12
35041,37.2,7
37175,37.2,23
48041,37.2,47
55049,37.2,11
06065,37.1,808
19043,37.1,10
20175,37.1,7
34013,37.1,289
40153,37.1,9
42111,37.1,43
48115,37.1,6
51163,37.1,14
04003,37,65
06039,37,53
19165,37,7
34023,37,319
51199,37,25
19051,36.9,4
27065,36.9,8
31023,36.9,5
31047,36.9,10
48473,36.9,15
08101,36.8,74
38057,36.8,4
42063,36.8,42
42119,36.8,20
48273,36.8,11
51640,36.8,4
19103,36.7,37
19049,36.7,22
35009,36.7,17
39137,36.7,15
48085,36.7,207
48437,36.7,4
55093,36.7,14
19105,36.6,11
48325,36.6,20
06027,36.5,11
06063,36.5,12
08039,36.5,7
20205,36.5,5
34017,36.5,206
47187,36.5,60
54089,36.5,8
31031,36.4,3
53033,36.4,681
16049,36.3,10
19035,36.3,8
25011,36.3,35
06019,36.2,291
08031,36.2,196
27081,36.2,4
06013,36.1,404
48209,36.1,44
06073,36,"1,097"
08063,36,4
31019,36,16
35053,35.9,7
48493,35.9,18
16053,35.8,7
34039,35.8,207
08041,35.7,196
19089,35.7,5
27053,35.7,411
40141,35.7,4
46125,35.7,4
46079,35.6,6
54071,35.6,5
19151,35.5,5
27103,35.5,12
31051,35.5,3
41063,35.5,4
48491,35.5,122
48069,35.5,3
55065,35.5,8
16021,35.4,5
19023,35.4,8
27129,35.4,8
48249,35.4,16
48477,35.4,17
19005,35.3,8
34035,35.3,122
37075,35.3,5
47127,35.3,3
08123,35.2,76
19147,35.2,5
27145,35.2,55
28037,35.2,4
39055,35.2,43
48489,35.2,7
38055,35.1,5
41067,35.1,167
08029,35,17
13117,35,51
48219,35,8
46109,34.9,5
49013,34.9,6
06049,34.8,5
34027,34.8,201
36059,34.8,605
48397,34.8,24
06079,34.7,120
34003,34.7,402
15007,34.6,30
19101,34.6,7
31157,34.6,17
01063,34.5,5
09001,34.5,365
36005,34.5,438
46023,34.5,4
48029,34.5,528
49007,34.5,8
55033,34.5,16
02110,34.4,8
06075,34.4,324
06031,34.4,37
20113,34.4,15
35047,34.4,12
38015,34.4,32
48143,34.4,14
06113,34.3,60
06061,34.3,154
06017,34.3,79
13219,34.3,11
51107,34.2,67
56029,34.2,14
13113,34.1,40
31081,34.1,4
31039,34.1,5
51003,34.1,41
27113,34,6
51095,34,37
19167,33.9,13
36119,33.9,397
48285,33.9,11
04009,33.8,12
13011,33.8,7
35013,33.8,72
46083,33.8,12
08005,33.7,177
30085,33.7,3
04021,33.6,146
18057,33.6,73
19047,33.6,8
19075,33.5,6
27101,33.5,5
37189,33.5,17
55019,33.5,14
06001,33.4,495
30029,33.4,38
36047,33.4,824
48043,33.4,4
15001,33.3,79
27147,33.3,15
41037,33.3,4
46051,33.3,3
48149,33.3,14
20145,33.2,3
30041,33.2,6
38077,33.2,6
48025,33.2,9
55061,33.2,9
31037,33.1,4
30081,33,21
48131,33,5
15003,32.9,377
18001,32.9,13
36087,32.9,116
46033,32.9,5
48463,32.7,10
06059,32.6,979
08021,32.6,3
48453,32.6,230
16005,32.5,25
55089,32.5,37
38089,32.4,10
53029,32.4,38
27109,32.3,50
31159,32.2,7
36061,32.2,573
26139,32.1,86
42093,32,8
16011,31.9,15
35027,31.9,11
48157,31.9,132
48013,31.9,16
48163,31.9,5
19157,31.8,9
46067,31.8,4
06053,31.7,121
16043,31.7,5
19017,31.7,10
53075,31.7,11
26089,31.5,13
06057,31.4,50
30057,31.3,4
48465,31.3,15
16051,31.2,7
31013,31.2,5
35001,31.2,216
06037,31.1,"2,876"
27091,31.1,11
48279,31.1,5
04017,31,35
08083,31,12
19091,31,5
04027,30.9,74
35043,30.9,42
19195,30.7,4
46005,30.7,8
46065,30.7,6
08015,30.6,8
27055,30.6,9
08003,30.5,5
08059,30.5,179
12021,30.5,194
06081,30.4,254
08075,30.4,8
36081,30.4,740
06111,30.3,250
27133,30.3,5
35039,30.3,14
35045,30.1,36
27045,30,10
35017,30,15
06069,29.9,15
12086,29.9,885
48287,29.9,6
53001,29.9,5
56019,29.9,4
08069,29.8,92
13093,29.8,5
41023,29.8,4
01011,29.7,4
06041,29.7,106
30095,29.7,4
20131,29.6,5
27023,29.6,6
48259,29.5,14
55119,29.4,8
06083,29.3,134
08089,29.3,8
56039,29.1,5
56001,29.1,8
31045,28.9,4
49045,28.9,12
24027,28.8,74
51830,28.7,4
15009,28.6,51
06087,28.4,74
19021,28.4,7
56037,28.4,9
30001,28.3,4
31185,28.2,5
31027,28.2,4
48031,28.2,5
16085,27.8,4
30031,27.8,21
06085,27.6,472
35055,27.5,13
06025,27,42
27063,27,5
16031,26.9,6
20115,26.8,5
56023,26.8,5
27105,26.6,8
20095,26.5,3
08119,26.4,8
51510,26.4,33
39075,26.3,11
51013,26.3,43
08045,26.1,11
19055,25.7,6
04005,25.6,26
51059,25.6,242
08093,25.5,4
16019,25.4,24
37029,25.4,3
48427,25.4,13
49057,25.4,51
35007,25.3,6
51610,25.1,3
24031,25,263
19131,24.8,5
35006,24.7,7
08067,24.6,13
19119,24.4,3
08013,24.3,65
08107,24.3,4
48141,24.3,169
49047,24.3,6
08035,24,48
48061,24,89
53055,23.9,7
48389,23.6,3
04023,23.1,12
48323,23.1,10
49051,23.1,4
35049,23,42
30067,22.8,5
08007,22.7,4
48215,22.5,137
49053,22.5,41
19191,22.2,7
49035,22.1,177
56041,22.1,4
08117,21.6,3
30009,21.3,4
49041,21.3,5
08105,21,3
48479,20.7,35
49021,19.7,7
49039,18.8,5
04001,17.7,12
49003,17.6,8
49011,17.2,38
35028,15.8,4
08037,14.9,5
49043,14.4,4
49049,12.4,37
35031,11.6,7
49005,9.2,7
16003,*,*
19003,*,*
38001,*,*
02013,*,*
02016,*,*
06003,*,*
48011,*,*
31005,*,*
19009,*,*
46003,*,*
08009,*,*
48017,*,*
13007,*,*
31007,*,*
16007,*,*
40007,*,*
49001,*,*
46007,*,*
38005,*,*
08011,*,*
30003,*,*
38007,*,*
16013,*,*
30005,*,*
31009,*,*
31011,*,*
48033,*,*
38011,*,*
31015,*,*
48045,*,*
02060,*,*
30007,*,*
48047,*,*
31017,*,*
46017,*,*
38013,*,*
16023,*,*
16025,*,*
42023,*,*
46021,*,*
16029,*,*
30011,*,*
35003,*,*
38019,*,*
20017,*,*
13053,*,*
08017,*,*
20023,*,*
30015,*,*
40025,*,*
16033,*,*
20025,*,*
46025,*,*
13061,*,*
08019,*,*
48079,*,*
48081,*,*
48087,*,*
20033,*,*
48095,*,*
27031,*,*
46031,*,*
08023,*,*
48101,*,*
48103,*,*
48105,*,*
08025,*,*
48109,*,*
08027,*,*
16037,*,*
49009,*,*
48111,*,*
30019,*,*
35011,*,*
20039,*,*
02068,*,*
31049,*,*
46041,*,*
48125,*,*
38021,*,*
02070,*,*
48127,*,*
38023,*,*
08033,*,*
46043,*,*
31057,*,*
38025,*,*
13101,*,*
38027,*,*
46045,*,*
20047,*,*
48137,*,*
49015,*,*
38029,*,*
32009,*,*
32011,*,*
30025,*,*
46049,*,*
48155,*,*
38031,*,*
16041,*,*
31061,*,*
31063,*,*
31065,*,*
31069,*,*
30033,*,*
31071,*,*
49017,*,*
53023,*,*
48169,*,*
41021,*,*
08047,*,*
13125,*,*
48173,*,*
30037,*,*
38033,*,*
31073,*,*
20063,*,*
20065,*,*
30039,*,*
20067,*,*
31075,*,*
38037,*,*
20069,*,*
20071,*,*
31077,*,*
35019,*,*
08051,*,*
46055,*,*
02100,*,*
48191,*,*
20075,*,*
46057,*,*
46059,*,*
48195,*,*
46061,*,*
48197,*,*
35021,*,*
46063,*,*
31083,*,*
40057,*,*
40059,*,*
48205,*,*
20081,*,*
31085,*,*
38041,*,*
35023,*,*
51091,*,*
08053,*,*
31087,*,*
20083,*,*
31091,*,*
48229,*,*
46069,*,*
48235,*,*
28055,*,*
08057,*,*
46071,*,*
48243,*,*
46073,*,*
48247,*,*
46075,*,*
49023,*,*
30045,*,*
15005,*,*
49025,*,*
48261,*,*
48263,*,*
26083,*,*
31103,*,*
38043,*,*
48269,*,*
48271,*,*
08061,*,*
20097,*,*
27069,*,*
48275,*,*
48283,*,*
38045,*,*
08065,*,*
02164,*,*
32015,*,*
20101,*,*
16061,*,*
51678,*,*
30051,*,*
16063,*,*
20105,*,*
32017,*,*
48295,*,*
20109,*,*
31113,*,*
38047,*,*
31115,*,*
48301,*,*
46085,*,*
16065,*,*
48317,*,*
48319,*,*
30055,*,*
38051,*,*
38053,*,*
48311,*,*
31117,*,*
46089,*,*
20119,*,*
30059,*,*
46095,*,*
48327,*,*
55078,*,*
49027,*,*
46097,*,*
08079,*,*
06051,*,*
46101,*,*
35033,*,*
49029,*,*
31123,*,*
20129,*,*
48345,*,*
31125,*,*
38063,*,*
20135,*,*
56027,*,*
02188,*,*
20137,*,*
51720,*,*
48359,*,*
38065,*,*
16071,*,*
20141,*,*
08091,*,*
48369,*,*
31133,*,*
31135,*,*
46105,*,*
30069,*,*
08095,*,*
38069,*,*
08097,*,*
49031,*,*
46107,*,*
30075,*,*
16077,*,*
30079,*,*
48377,*,*
02201,*,*
20153,*,*
48383,*,*
38075,*,*
49033,*,*
08103,*,*
48393,*,*
21201,*,*
31149,*,*
40129,*,*
20163,*,*
20165,*,*
08109,*,*
08111,*,*
49037,*,*
08113,*,*
46111,*,*
38081,*,*
48413,*,*
13249,*,*
20171,*,*
08115,*,*
48417,*,*
20179,*,*
31161,*,*
38083,*,*
41055,*,*
48421,*,*
06091,*,*
31165,*,*
38085,*,*
02232,*,*
38087,*,*
02240,*,*
20185,*,*
46117,*,*
20187,*,*
31167,*,*
38091,*,*
48431,*,*
20189,*,*
27149,*,*
48433,*,*
32029,*,*
56035,*,*
46119,*,*
48435,*,*
13265,*,*
48443,*,*
16081,*,*
31169,*,*
20193,*,*
31171,*,*
48447,*,*
38095,*,*
27155,*,*
30103,*,*
20195,*,*
46123,*,*
35059,*,*
30105,*,*
31175,*,*
20197,*,*
02270,*,*
53069,*,*
20199,*,*
08121,*,*
31179,*,*
49055,*,*
13307,*,*
30107,*,*
31183,*,*
41069,*,*
30109,*,*
20203,*,*
27167,*,*
29227,*,*
02282,*,*
02290,*,*
48505,*,*
48507,*,*
46137,*,*
